date,product,orders,buyouts,price,cpc,drr,ctr,cr,clicks,cart_adds
2026-04-01,Игрушка мягкая мишка,61,50,789,16.17,70.4,0.89,0.71,9069,114
2026-04-01,Конструктор LEGO City,49,44,2499,21.17,84.6,1.23,0.87,5717,89
2026-04-01,Пазл 1000 деталей,33,27,599,10.83,61.6,0.88,0.78,2878,41
2026-04-01,Машинка инерционная,80,72,349,8.08,42.8,1.44,1.01,9824,194
2026-04-01,Кукла с аксессуарами,56,45,1299,18.44,74.2,1.15,0.91,6938,114
2026-04-01,Набор для творчества,43,35,899,14.37,63.1,0.97,0.85,4444,75
2026-04-01,Мяч футбольный,68,59,499,10.83,57.7,0.94,1.01,6298,117
2026-04-01,Книга детская,22,18,299,6.24,41.1,0.76,0.68,3236,36
2026-04-01,Набор кухонный,41,34,1599,18.48,79.4,0.97,0.84,4293,84
2026-04-01,Самокат складной,17,13,3999,26.1,86.5,0.61,0.62,2398,33
2026-04-02,Игрушка мягкая мишка,65,58,789,17.32,71.6,0.92,0.69,10166,185
2026-04-02,Конструктор LEGO City,38,31,2499,23.27,85.0,1.04,0.97,5039,90
2026-04-02,Пазл 1000 деталей,27,24,599,12.66,61.3,0.91,0.78,3554,58
2026-04-02,Машинка инерционная,89,77,349,7.62,44.7,1.31,1.16,12251,199
2026-04-02,Кукла с аксессуарами,64,58,1299,17.21,76.2,1.02,0.82,5388,76
2026-04-02,Набор для творчества,44,39,899,13.46,66.7,0.85,0.71,4149,51
2026-04-02,Мяч футбольный,69,61,499,10.42,53.5,1.26,0.94,6558,73
2026-04-02,Книга детская,29,26,299,6.11,40.9,0.76,0.66,2664,30
2026-04-02,Набор кухонный,38,32,1599,20.83,80.3,0.75,0.86,3686,49
2026-04-02,Самокат складной,17,15,3999,29.48,89.7,0.57,0.5,2501,36
2026-04-03,Игрушка мягкая мишка,79,73,789,15.82,69.5,0.68,0.76,7920,95
2026-04-03,Конструктор LEGO City,49,41,2499,20.76,81.3,1.16,0.88,5853,91
2026-04-03,Пазл 1000 деталей,35,30,599,11.04,62.8,1.01,0.7,2908,44
2026-04-03,Машинка инерционная,94,86,349,7.47,43.3,1.28,1.12,10056,117
2026-04-03,Кукла с аксессуарами,62,58,1299,16.39,73.6,1.06,0.74,5041,72
2026-04-03,Набор для творчества,46,40,899,13.46,67.6,0.9,0.82,4876,94
2026-04-03,Мяч футбольный,67,56,499,9.91,56.6,1.25,0.84,8329,92
2026-04-03,Книга детская,24,20,299,6.05,39.7,0.75,0.68,3445,36
2026-04-03,Набор кухонный,39,32,1599,19.92,83.4,0.73,0.71,3484,61
2026-04-03,Самокат складной,17,14,3999,28.34,93.3,0.74,0.53,2413,45
2026-04-04,Игрушка мягкая мишка,65,53,789,15.4,68.1,0.83,0.73,9160,125
2026-04-04,Конструктор LEGO City,40,37,2499,21.55,85.9,1.07,1.03,4725,89
2026-04-04,Пазл 1000 деталей,33,28,599,11.13,59.7,0.82,0.8,3601,36
2026-04-04,Машинка инерционная,87,78,349,8.21,43.3,1.62,1.02,10866,160
2026-04-04,Кукла с аксессуарами,47,39,1299,19.35,71.7,0.9,0.73,5391,89
2026-04-04,Набор для творчества,34,31,899,15.23,67.5,0.83,0.83,4419,80
2026-04-04,Мяч футбольный,56,49,499,10.85,55.1,1.26,0.85,7799,151
2026-04-04,Книга детская,28,23,299,5.5,41.1,0.72,0.65,2677,41
2026-04-04,Набор кухонный,29,26,1599,18.94,76.4,0.8,0.86,3915,69
2026-04-04,Самокат складной,17,15,3999,27.53,88.7,0.57,0.49,2420,39
2026-04-05,Игрушка мягкая мишка,71,57,789,15.67,69.7,0.85,0.87,10162,121
2026-04-05,Конструктор LEGO City,45,41,2499,20.84,86.6,1.25,0.83,5866,85
2026-04-05,Пазл 1000 деталей,31,24,599,11.94,58.2,0.88,0.77,3788,71
2026-04-05,Машинка инерционная,85,77,349,8.34,47.0,1.55,1.11,11498,158
2026-04-05,Кукла с аксессуарами,62,58,1299,18.14,74.7,1.09,0.81,4952,81
2026-04-05,Набор для творчества,44,35,899,14.42,62.5,0.81,0.84,4155,58
2026-04-05,Мяч футбольный,59,55,499,10.63,57.4,0.98,0.78,7151,108
2026-04-05,Книга детская,28,23,299,6.37,39.5,0.76,0.55,3283,63
2026-04-05,Набор кухонный,28,25,1599,20.68,77.1,0.96,0.84,3475,59
2026-04-05,Самокат складной,21,18,3999,27.45,88.5,0.64,0.62,2196,31
2026-04-06,Игрушка мягкая мишка,58,48,789,15.81,71.3,0.69,0.86,8125,143
2026-04-06,Конструктор LEGO City,37,31,2499,19.82,82.3,1.21,1.02,4033,63
2026-04-06,Пазл 1000 деталей,24,21,599,13.15,57.4,0.96,0.63,4189,51
2026-04-06,Машинка инерционная,82,75,349,7.53,45.2,1.66,0.94,10016,175
2026-04-06,Кукла с аксессуарами,48,38,1299,16.3,78.0,1.0,0.96,5094,88
2026-04-06,Набор для творчества,43,38,899,13.91,66.0,0.87,0.74,4954,91
2026-04-06,Мяч футбольный,62,56,499,9.22,55.1,1.19,0.98,8296,115
2026-04-06,Книга детская,20,17,299,5.64,40.6,0.72,0.53,3296,63
2026-04-06,Набор кухонный,31,27,1599,21.57,78.9,0.78,0.69,3788,43
2026-04-06,Самокат складной,19,16,3999,29.28,92.2,0.61,0.58,2357,34
2026-04-07,Игрушка мягкая мишка,83,69,789,14.82,67.0,0.79,0.81,9272,167
2026-04-07,Конструктор LEGO City,41,34,2499,20.13,84.5,1.26,0.96,5982,89
2026-04-07,Пазл 1000 деталей,35,29,599,11.09,59.2,0.78,0.78,4155,78
2026-04-07,Машинка инерционная,88,73,349,8.5,43.7,1.49,1.18,12104,170
2026-04-07,Кукла с аксессуарами,63,57,1299,18.98,71.4,1.01,0.96,7019,130
2026-04-07,Набор для творчества,39,36,899,15.24,66.0,0.9,0.74,4314,45
2026-04-07,Мяч футбольный,57,52,499,9.12,55.2,1.22,0.82,7450,142
2026-04-07,Книга детская,25,20,299,5.61,40.9,0.8,0.54,2947,56
2026-04-07,Набор кухонный,35,28,1599,21.76,84.0,0.79,0.73,4312,55
2026-04-07,Самокат складной,18,16,3999,25.95,91.3,0.72,0.55,2607,37
2026-04-08,Игрушка мягкая мишка,74,62,789,15.47,70.6,0.85,0.91,9968,103
2026-04-08,Конструктор LEGO City,51,47,2499,23.98,82.5,1.33,0.9,5619,75
2026-04-08,Пазл 1000 деталей,30,26,599,12.09,59.4,0.77,0.63,3001,50
2026-04-08,Машинка инерционная,68,58,349,7.53,45.3,1.46,1.15,10458,190
2026-04-08,Кукла с аксессуарами,49,40,1299,18.65,76.7,1.11,0.8,6321,80
2026-04-08,Набор для творчества,34,30,899,14.64,63.8,1.06,0.73,3715,47
2026-04-08,Мяч футбольный,55,45,499,9.28,54.8,1.13,0.85,6142,100
2026-04-08,Книга детская,25,20,299,6.09,41.4,0.71,0.55,2526,45
2026-04-08,Набор кухонный,30,28,1599,21.5,83.1,0.87,0.7,3232,41
2026-04-08,Самокат складной,18,17,3999,29.64,92.8,0.69,0.57,2857,50
2026-04-09,Игрушка мягкая мишка,57,49,789,15.83,67.0,0.76,0.89,10016,117
2026-04-09,Конструктор LEGO City,53,42,2499,21.84,87.3,1.23,0.94,4093,60
2026-04-09,Пазл 1000 деталей,26,22,599,11.73,61.9,0.88,0.77,3440,65
2026-04-09,Машинка инерционная,96,85,349,8.67,44.6,1.65,1.05,13845,174
2026-04-09,Кукла с аксессуарами,45,36,1299,18.02,75.8,0.98,0.84,4805,59
2026-04-09,Набор для творчества,46,42,899,12.97,67.8,1.03,0.76,4621,68
2026-04-09,Мяч футбольный,67,59,499,9.39,55.9,1.18,0.91,7486,92
2026-04-09,Книга детская,24,20,299,5.71,38.4,0.7,0.56,2979,31
2026-04-09,Набор кухонный,34,31,1599,18.35,80.7,0.89,0.7,4432,69
2026-04-09,Самокат складной,16,14,3999,27.52,85.6,0.74,0.55,2311,25
2026-04-10,Игрушка мягкая мишка,81,75,789,16.8,70.2,0.7,0.82,7622,78
2026-04-10,Конструктор LEGO City,46,40,2499,22.91,85.0,1.04,0.87,5120,78
2026-04-10,Пазл 1000 деталей,27,23,599,11.49,60.3,0.86,0.64,3432,61
2026-04-10,Машинка инерционная,71,57,349,7.62,46.2,1.54,1.02,12012,172
2026-04-10,Кукла с аксессуарами,47,38,1299,18.22,72.4,1.14,0.9,6815,99
2026-04-10,Набор для творчества,32,27,899,13.98,66.9,0.94,0.73,4403,66
2026-04-10,Мяч футбольный,48,40,499,9.62,55.3,1.23,0.83,7029,107
2026-04-10,Книга детская,22,17,299,5.77,39.3,0.77,0.54,2941,34
2026-04-10,Набор кухонный,31,26,1599,19.3,78.4,0.88,0.81,3758,43
2026-04-10,Самокат складной,16,13,3999,29.55,91.1,0.66,0.47,2788,44
2026-04-11,Игрушка мягкая мишка,60,50,789,16.0,68.6,0.73,0.83,8485,113
2026-04-11,Конструктор LEGO City,41,38,2499,20.57,84.6,1.14,0.91,4105,48
2026-04-11,Пазл 1000 деталей,25,23,599,12.48,62.4,0.89,0.79,3855,52
2026-04-11,Машинка инерционная,82,75,349,8.47,45.9,1.39,1.09,11584,123
2026-04-11,Кукла с аксессуарами,60,55,1299,18.94,76.9,1.04,0.88,4898,87
2026-04-11,Набор для творчества,34,28,899,12.89,65.7,0.83,0.82,3927,60
2026-04-11,Мяч футбольный,60,51,499,10.18,55.4,0.99,0.77,6335,105
2026-04-11,Книга детская,25,23,299,5.81,38.9,0.69,0.56,2456,36
2026-04-11,Набор кухонный,30,24,1599,18.38,84.0,0.94,0.72,3705,63
2026-04-11,Самокат складной,23,21,3999,26.14,89.7,0.67,0.57,2732,46
2026-04-12,Игрушка мягкая мишка,57,46,789,16.79,70.6,0.89,0.69,8006,154
2026-04-12,Конструктор LEGO City,38,32,2499,22.74,87.3,1.15,0.92,4096,52
2026-04-12,Пазл 1000 деталей,34,29,599,11.93,62.2,0.82,0.79,4155,80
2026-04-12,Машинка инерционная,74,59,349,7.44,44.7,1.72,1.19,11165,174
2026-04-12,Кукла с аксессуарами,45,41,1299,19.01,78.7,1.1,0.91,6963,121
2026-04-12,Набор для творчества,45,37,899,15.29,66.1,0.84,0.88,4784,87
2026-04-12,Мяч футбольный,67,62,499,10.83,53.0,1.16,0.87,7528,149
2026-04-12,Книга детская,28,23,299,5.5,41.8,0.71,0.55,3258,41
2026-04-12,Набор кухонный,28,26,1599,18.5,83.0,0.83,0.82,3269,58
2026-04-12,Самокат складной,21,17,3999,30.36,89.4,0.6,0.47,2897,39
2026-04-13,Игрушка мягкая мишка,75,64,789,17.36,71.4,0.83,0.82,9554,128
2026-04-13,Конструктор LEGO City,49,40,2499,21.23,82.2,1.15,1.01,4225,52
2026-04-13,Пазл 1000 деталей,31,24,599,12.04,58.3,0.9,0.69,3854,67
2026-04-13,Машинка инерционная,85,75,349,8.35,44.0,1.36,1.12,12573,179
2026-04-13,Кукла с аксессуарами,54,43,1299,18.87,77.0,1.05,0.88,6834,77
2026-04-13,Набор для творчества,38,31,899,13.31,62.1,1.05,0.88,5191,75
2026-04-13,Мяч футбольный,56,52,499,9.19,55.3,1.02,1.01,7227,72
2026-04-13,Книга детская,28,25,299,6.29,41.0,0.73,0.58,2758,30
2026-04-13,Набор кухонный,29,23,1599,20.81,83.6,0.78,0.74,3672,41
2026-04-13,Самокат складной,19,16,3999,29.85,87.6,0.56,0.61,2262,45
2026-04-14,Игрушка мягкая мишка,81,67,789,16.15,68.4,0.74,0.87,7943,122
2026-04-14,Конструктор LEGO City,49,43,2499,21.51,86.0,1.22,0.93,4461,84
2026-04-14,Пазл 1000 деталей,28,26,599,11.2,59.1,0.82,0.72,4085,62
2026-04-14,Машинка инерционная,93,77,349,7.98,45.7,1.39,1.02,9862,105
2026-04-14,Кукла с аксессуарами,45,41,1299,19.78,76.1,0.99,0.8,7178,128
2026-04-14,Набор для творчества,41,36,899,14.65,66.8,0.93,0.89,5367,78
2026-04-14,Мяч футбольный,60,50,499,10.35,56.8,1.09,0.83,6168,99
2026-04-14,Книга детская,29,26,299,5.8,38.8,0.77,0.66,2581,41
2026-04-14,Набор кухонный,40,36,1599,18.61,83.8,0.97,0.73,4159,73
2026-04-14,Самокат складной,18,14,3999,28.2,93.5,0.61,0.51,2913,35
2026-04-15,Игрушка мягкая мишка,67,62,789,15.91,73.4,0.87,0.85,7561,99
2026-04-15,Конструктор LEGO City,37,33,2499,22.77,81.4,1.14,0.93,5944,88
2026-04-15,Пазл 1000 деталей,30,26,599,11.31,59.3,0.85,0.79,4107,74
2026-04-15,Машинка инерционная,84,68,349,8.15,43.6,1.42,1.16,10503,123
2026-04-15,Кукла с аксессуарами,54,45,1299,16.91,73.5,0.9,0.85,6764,80
2026-04-15,Набор для творчества,45,37,899,12.8,65.2,0.82,0.79,5013,90
2026-04-15,Мяч футбольный,58,49,499,9.46,57.0,1.16,0.79,5901,108
2026-04-15,Книга детская,24,20,299,5.5,38.2,0.72,0.56,2991,42
2026-04-15,Набор кухонный,33,27,1599,21.97,76.4,0.81,0.82,3714,42
2026-04-15,Самокат складной,16,14,3999,26.26,94.3,0.67,0.58,2275,44
2026-04-16,Игрушка мягкая мишка,69,55,789,15.88,70.1,0.87,0.73,9730,101
2026-04-16,Конструктор LEGO City,48,42,2499,21.28,81.8,1.19,0.88,4882,67
2026-04-16,Пазл 1000 деталей,33,29,599,10.9,61.3,1.03,0.76,3689,54
2026-04-16,Машинка инерционная,82,65,349,8.47,45.6,1.53,0.98,12539,203
2026-04-16,Кукла с аксессуарами,64,54,1299,19.55,77.1,1.05,0.75,5843,105
2026-04-16,Набор для творчества,46,43,899,14.87,62.0,0.88,0.81,3670,39
2026-04-16,Мяч футбольный,63,55,499,9.32,56.0,1.15,0.92,8215,164
2026-04-16,Книга детская,24,21,299,5.87,40.7,0.78,0.58,3546,53
2026-04-16,Набор кухонный,38,34,1599,19.42,78.5,0.82,0.65,4523,68
2026-04-16,Самокат складной,16,14,3999,28.75,93.9,0.57,0.49,2659,33
2026-04-17,Игрушка мягкая мишка,67,59,789,16.3,72.8,0.74,0.76,8996,126
2026-04-17,Конструктор LEGO City,42,38,2499,22.5,82.3,1.04,0.97,5514,97
2026-04-17,Пазл 1000 деталей,31,25,599,10.84,60.6,1.01,0.72,3149,34
2026-04-17,Машинка инерционная,75,64,349,7.79,44.9,1.28,1.03,9638,158
2026-04-17,Кукла с аксессуарами,65,60,1299,17.93,77.1,1.07,0.94,5504,61
2026-04-17,Набор для творчества,39,32,899,14.45,63.2,0.95,0.82,4158,45
2026-04-17,Мяч футбольный,64,59,499,10.74,52.3,0.98,0.85,7725,128
2026-04-17,Книга детская,21,18,299,5.7,41.8,0.6,0.65,2448,43
2026-04-17,Набор кухонный,28,23,1599,20.05,76.5,0.96,0.72,3531,48
2026-04-17,Самокат складной,22,19,3999,27.49,87.5,0.6,0.51,2708,30
2026-04-18,Игрушка мягкая мишка,59,54,789,15.85,73.1,0.72,0.73,8643,157
2026-04-18,Конструктор LEGO City,36,33,2499,23.14,86.4,1.05,0.8,4906,55
2026-04-18,Пазл 1000 деталей,34,29,599,11.63,60.8,0.83,0.78,3240,57
2026-04-18,Машинка инерционная,84,70,349,8.1,45.6,1.56,1.0,10445,132
2026-04-18,Кукла с аксессуарами,45,37,1299,16.99,72.6,0.97,0.85,7069,100
2026-04-18,Набор для творчества,47,38,899,14.47,66.9,1.06,0.74,3732,41
2026-04-18,Мяч футбольный,52,46,499,10.05,52.6,1.07,0.92,6937,113
2026-04-18,Книга детская,29,26,299,5.65,39.2,0.79,0.66,3073,45
2026-04-18,Набор кухонный,39,35,1599,18.33,78.0,0.9,0.7,3876,43
2026-04-18,Самокат складной,17,15,3999,26.83,85.8,0.72,0.56,2235,40
2026-04-19,Игрушка мягкая мишка,61,56,789,16.57,73.3,0.88,0.71,10737,153
2026-04-19,Конструктор LEGO City,44,37,2499,20.24,87.1,1.22,0.83,4552,74
2026-04-19,Пазл 1000 деталей,25,23,599,12.66,61.2,0.77,0.61,2823,47
2026-04-19,Машинка инерционная,80,71,349,8.6,45.1,1.68,1.23,11190,222
2026-04-19,Кукла с аксессуарами,44,37,1299,17.04,74.0,1.05,0.78,5284,94
2026-04-19,Набор для творчества,39,35,899,12.85,66.8,0.99,0.85,4645,70
2026-04-19,Мяч футбольный,50,41,499,9.02,52.9,0.97,0.78,5666,83
2026-04-19,Книга детская,24,20,299,5.98,41.2,0.72,0.6,2629,49
2026-04-19,Набор кухонный,40,37,1599,20.84,83.5,0.76,0.72,3769,74
2026-04-19,Самокат складной,18,14,3999,29.36,92.8,0.67,0.54,2633,42
2026-04-20,Игрушка мягкая мишка,56,46,789,17.02,69.9,0.81,0.74,9311,176
2026-04-20,Конструктор LEGO City,52,49,2499,23.95,87.7,1.04,0.85,5021,80
2026-04-20,Пазл 1000 деталей,33,30,599,11.96,57.7,0.95,0.65,3298,42
2026-04-20,Машинка инерционная,95,79,349,8.77,44.7,1.38,1.05,10075,122
2026-04-20,Кукла с аксессуарами,65,54,1299,16.59,73.9,0.94,0.77,6284,114
2026-04-20,Набор для творчества,42,38,899,14.06,62.8,0.94,0.89,4219,57
2026-04-20,Мяч футбольный,58,51,499,10.31,57.5,1.14,0.92,7972,151
2026-04-20,Книга детская,27,23,299,5.92,41.2,0.63,0.63,2536,40
2026-04-20,Набор кухонный,31,26,1599,19.83,82.2,0.77,0.76,3968,71
2026-04-20,Самокат складной,22,17,3999,30.7,85.7,0.71,0.6,2947,33
2026-04-21,Игрушка мягкая мишка,61,57,789,15.12,68.5,0.8,0.68,9679,123
2026-04-21,Конструктор LEGO City,50,44,2499,23.7,87.4,1.07,1.0,5544,101
2026-04-21,Пазл 1000 деталей,26,21,599,12.63,63.0,0.85,0.78,4136,72
2026-04-21,Машинка инерционная,98,88,349,8.0,46.0,1.46,1.22,11779,174
2026-04-21,Кукла с аксессуарами,47,40,1299,19.61,77.9,1.07,0.72,4959,58
2026-04-21,Набор для творчества,43,40,899,12.87,65.0,0.83,0.88,4241,70
2026-04-21,Мяч футбольный,48,39,499,9.98,53.7,1.16,0.94,6260,64
2026-04-21,Книга детская,20,16,299,6.31,40.5,0.79,0.58,2566,30
2026-04-21,Набор кухонный,31,25,1599,19.17,83.7,0.95,0.67,3884,43
2026-04-21,Самокат складной,23,19,3999,25.53,86.3,0.58,0.54,2443,37
2026-04-22,Игрушка мягкая мишка,65,59,789,14.93,68.6,0.81,0.85,8251,94
2026-04-22,Конструктор LEGO City,52,48,2499,22.2,85.4,1.05,0.85,4310,55
2026-04-22,Пазл 1000 деталей,32,26,599,12.71,59.8,1.0,0.73,2801,29
2026-04-22,Машинка инерционная,69,62,349,7.24,45.3,1.7,1.16,11729,175
2026-04-22,Кукла с аксессуарами,65,56,1299,18.71,76.6,1.04,0.89,5172,76
2026-04-22,Набор для творчества,33,29,899,14.86,68.2,0.96,0.89,5394,98
2026-04-22,Мяч футбольный,49,46,499,9.29,55.4,1.15,0.81,6159,74
2026-04-22,Книга детская,24,22,299,6.34,38.5,0.62,0.66,2437,43
2026-04-22,Набор кухонный,32,26,1599,21.73,81.9,0.95,0.78,3818,72
2026-04-22,Самокат складной,19,17,3999,27.78,89.3,0.61,0.62,2662,29
2026-04-23,Игрушка мягкая мишка,73,67,789,16.6,70.5,0.87,0.83,8997,154
2026-04-23,Конструктор LEGO City,52,47,2499,20.28,87.2,1.23,0.99,5262,82
2026-04-23,Пазл 1000 деталей,24,20,599,12.16,63.0,0.86,0.78,3326,64
2026-04-23,Машинка инерционная,87,81,349,7.27,45.3,1.6,1.1,14144,216
2026-04-23,Кукла с аксессуарами,55,48,1299,17.91,71.7,1.02,0.75,5832,91
2026-04-23,Набор для творчества,46,38,899,15.33,65.2,1.0,0.76,5393,73
2026-04-23,Мяч футбольный,70,61,499,10.5,54.1,1.11,1.02,8309,132
2026-04-23,Книга детская,29,26,299,5.63,38.7,0.64,0.54,3546,70
2026-04-23,Набор кухонный,33,28,1599,21.77,77.5,0.92,0.64,4647,51
2026-04-23,Самокат складной,19,17,3999,26.63,92.7,0.73,0.57,2890,29
2026-04-24,Игрушка мягкая мишка,79,72,789,15.26,71.0,0.78,0.68,7448,137
2026-04-24,Конструктор LEGO City,50,43,2499,22.54,81.4,1.02,0.92,5527,63
2026-04-24,Пазл 1000 деталей,31,26,599,12.56,62.0,0.77,0.6,3960,63
2026-04-24,Машинка инерционная,101,94,349,7.55,43.4,1.67,1.24,12660,189
2026-04-24,Кукла с аксессуарами,47,41,1299,17.02,78.6,1.04,0.86,4953,51
2026-04-24,Набор для творчества,36,32,899,14.89,66.2,1.0,0.85,5250,81
2026-04-24,Мяч футбольный,64,52,499,10.46,54.1,1.03,0.79,7579,96
2026-04-24,Книга детская,21,17,299,5.43,40.7,0.71,0.68,2576,30
2026-04-24,Набор кухонный,40,32,1599,19.07,78.6,0.93,0.75,4784,81
2026-04-24,Самокат складной,18,14,3999,28.41,86.6,0.64,0.55,2433,36
2026-04-25,Игрушка мягкая мишка,66,53,789,15.44,67.8,0.72,0.8,7521,98
2026-04-25,Конструктор LEGO City,44,39,2499,23.24,88.8,1.3,0.82,4014,80
2026-04-25,Пазл 1000 деталей,29,26,599,12.57,59.2,1.0,0.75,3039,32
2026-04-25,Машинка инерционная,70,58,349,8.74,45.2,1.41,1.0,11595,210
2026-04-25,Кукла с аксессуарами,54,47,1299,17.03,76.0,1.05,0.87,6040,88
2026-04-25,Набор для творчества,38,35,899,15.36,66.2,0.85,0.77,3858,62
2026-04-25,Мяч футбольный,50,42,499,10.05,53.0,0.99,0.92,7032,86
2026-04-25,Книга детская,27,21,299,5.4,38.9,0.76,0.62,2616,42
2026-04-25,Набор кухонный,35,28,1599,19.28,81.5,0.74,0.82,4613,69
2026-04-25,Самокат складной,19,17,3999,28.45,88.3,0.59,0.62,2961,47
2026-04-26,Игрушка мягкая мишка,63,54,789,17.58,71.1,0.77,0.76,9016,112
2026-04-26,Конструктор LEGO City,53,44,2499,23.62,82.2,1.38,0.8,5962,100
2026-04-26,Пазл 1000 деталей,29,23,599,12.49,57.8,0.85,0.8,4023,62
2026-04-26,Машинка инерционная,83,69,349,7.2,45.4,1.59,1.09,12348,148
2026-04-26,Кукла с аксессуарами,46,36,1299,17.85,73.8,0.92,0.9,5824,60
2026-04-26,Набор для творчества,37,31,899,13.09,67.0,0.89,0.7,4507,67
2026-04-26,Мяч футбольный,61,51,499,9.26,53.1,1.04,0.99,7807,108
2026-04-26,Книга детская,21,19,299,6.53,38.1,0.77,0.61,2794,54
2026-04-26,Набор кухонный,28,23,1599,18.92,80.1,0.92,0.79,3262,36
2026-04-26,Самокат складной,21,19,3999,29.06,86.3,0.58,0.57,2771,46
2026-04-27,Игрушка мягкая мишка,66,61,789,14.58,71.4,0.83,0.81,8783,91
2026-04-27,Конструктор LEGO City,42,36,2499,22.8,83.6,1.09,0.83,4706,49
2026-04-27,Пазл 1000 деталей,27,24,599,11.69,58.3,0.78,0.69,3687,43
2026-04-27,Машинка инерционная,91,73,349,7.56,45.2,1.51,1.13,14006,261
2026-04-27,Кукла с аксессуарами,63,55,1299,16.59,74.6,0.94,0.89,4810,94
2026-04-27,Набор для творчества,33,28,899,12.93,67.2,1.01,0.8,4165,67
2026-04-27,Мяч футбольный,56,45,499,9.08,52.6,1.01,1.03,8052,128
2026-04-27,Книга детская,28,22,299,6.41,40.6,0.64,0.61,2953,46
2026-04-27,Набор кухонный,41,34,1599,19.66,82.5,0.83,0.65,3977,56
2026-04-27,Самокат складной,23,20,3999,30.8,89.8,0.67,0.49,2574,36
2026-04-28,Игрушка мягкая мишка,58,50,789,14.41,73.2,0.83,0.84,8121,110
2026-04-28,Конструктор LEGO City,37,31,2499,23.63,84.9,1.15,0.8,4404,69
2026-04-28,Пазл 1000 деталей,28,25,599,13.01,61.1,0.87,0.71,2921,30
2026-04-28,Машинка инерционная,76,67,349,8.47,43.0,1.6,1.21,11018,207
2026-04-28,Кукла с аксессуарами,59,47,1299,16.53,74.7,1.12,0.82,7079,119
2026-04-28,Набор для творчества,46,39,899,14.41,65.3,1.03,0.86,3708,52
2026-04-28,Мяч футбольный,50,47,499,9.6,53.2,0.94,0.78,6986,73
2026-04-28,Книга детская,23,20,299,6.21,38.3,0.75,0.67,2828,42
2026-04-28,Набор кухонный,31,29,1599,19.29,77.3,0.76,0.86,4474,72
2026-04-28,Самокат складной,17,14,3999,27.79,87.8,0.74,0.48,2833,43
2026-04-29,Игрушка мягкая мишка,82,72,789,15.16,72.9,0.9,0.83,7979,120
2026-04-29,Конструктор LEGO City,43,40,2499,23.22,83.3,1.31,0.79,5228,58
2026-04-29,Пазл 1000 деталей,34,30,599,12.78,57.8,0.96,0.71,4089,44
2026-04-29,Машинка инерционная,87,72,349,7.35,43.3,1.54,1.22,12016,215
2026-04-29,Кукла с аксессуарами,55,46,1299,18.85,74.3,0.86,0.96,7098,125
2026-04-29,Набор для творчества,38,32,899,12.95,64.0,0.82,0.75,4212,42
2026-04-29,Мяч футбольный,62,56,499,10.93,55.3,1.24,1.0,6249,75
2026-04-29,Книга детская,24,19,299,6.16,39.7,0.66,0.51,2695,51
2026-04-29,Набор кухонный,32,25,1599,21.1,78.7,0.74,0.7,4321,54
2026-04-29,Самокат складной,16,14,3999,25.97,87.4,0.65,0.5,2515,34
2026-04-30,Игрушка мягкая мишка,81,69,789,14.93,72.0,0.92,0.88,7650,104
2026-04-30,Конструктор LEGO City,38,35,2499,19.95,83.2,1.31,1.0,4932,93
2026-04-30,Пазл 1000 деталей,30,28,599,12.95,61.6,0.99,0.62,3656,55
2026-04-30,Машинка инерционная,82,71,349,7.32,43.3,1.45,0.94,12360,241
2026-04-30,Кукла с аксессуарами,44,38,1299,17.72,75.4,0.9,0.91,4984,75
2026-04-30,Набор для творчества,43,37,899,13.07,67.0,1.05,0.82,3841,57
2026-04-30,Мяч футбольный,57,45,499,10.42,52.3,0.94,0.94,5690,109
2026-04-30,Книга детская,22,19,299,6.29,40.3,0.72,0.69,2889,48
2026-04-30,Набор кухонный,33,29,1599,19.28,82.0,0.85,0.69,4736,88
2026-04-30,Самокат складной,20,17,3999,26.51,91.4,0.74,0.48,2735,47
2026-05-01,Игрушка мягкая мишка,66,55,789,14.48,70.6,0.71,0.75,10298,135
2026-05-01,Конструктор LEGO City,50,44,2499,20.84,89.2,1.09,0.91,4881,54
2026-05-01,Пазл 1000 деталей,27,23,599,10.89,59.5,0.79,0.76,3049,31
2026-05-01,Машинка инерционная,96,77,349,8.49,43.4,1.48,1.26,12872,161
2026-05-01,Кукла с аксессуарами,44,35,1299,18.77,74.7,0.86,0.85,6069,105
2026-05-01,Набор для творчества,36,33,899,14.27,64.8,0.91,0.76,4521,66
2026-05-01,Мяч футбольный,61,51,499,10.37,52.9,1.12,0.89,7042,115
2026-05-01,Книга детская,21,17,299,6.02,38.0,0.67,0.59,2558,35
2026-05-01,Набор кухонный,31,26,1599,20.01,81.7,0.81,0.74,3230,50
2026-05-01,Самокат складной,20,17,3999,27.05,94.0,0.57,0.53,2786,51
2026-05-02,Игрушка мягкая мишка,69,60,789,16.21,73.2,0.83,0.7,7639,112
2026-05-02,Конструктор LEGO City,41,36,2499,21.19,87.7,1.26,0.83,4560,48
2026-05-02,Пазл 1000 деталей,26,21,599,12.21,59.5,0.93,0.69,3798,56
2026-05-02,Машинка инерционная,97,86,349,7.69,43.8,1.43,1.17,12988,140
2026-05-02,Кукла с аксессуарами,63,50,1299,18.01,75.0,1.03,0.78,6384,101
2026-05-02,Набор для творчества,34,31,899,13.75,65.6,1.04,0.7,4362,69
2026-05-02,Мяч футбольный,62,52,499,9.89,56.6,1.18,0.93,6081,69
2026-05-02,Книга детская,21,18,299,6.25,40.6,0.71,0.65,2899,32
2026-05-02,Набор кухонный,32,28,1599,18.6,82.4,0.92,0.77,3601,62
2026-05-02,Самокат складной,21,17,3999,29.4,92.5,0.6,0.55,2162,32
2026-05-03,Игрушка мягкая мишка,62,56,789,14.57,66.9,0.87,0.81,8885,96
2026-05-03,Конструктор LEGO City,37,33,2499,21.05,85.2,1.2,0.8,4366,55
2026-05-03,Пазл 1000 деталей,25,22,599,11.24,58.7,0.87,0.65,3455,59
2026-05-03,Машинка инерционная,81,71,349,8.69,46.8,1.32,1.13,13809,240
2026-05-03,Кукла с аксессуарами,50,41,1299,19.6,78.1,1.04,0.94,5765,98
2026-05-03,Набор для творчества,33,28,899,13.6,64.5,0.92,0.76,5154,55
2026-05-03,Мяч футбольный,60,50,499,10.09,54.2,1.02,0.79,6282,68
2026-05-03,Книга детская,25,23,299,6.21,39.9,0.67,0.54,2700,32
2026-05-03,Набор кухонный,31,24,1599,20.29,79.0,0.75,0.66,4495,76
2026-05-03,Самокат складной,17,14,3999,26.83,90.5,0.71,0.53,2625,51
2026-05-04,Игрушка мягкая мишка,77,71,789,15.15,73.1,0.77,0.69,7323,104
2026-05-04,Конструктор LEGO City,44,38,2499,23.47,83.5,1.21,0.92,4865,53
2026-05-04,Пазл 1000 деталей,30,26,599,10.82,62.3,0.95,0.65,3928,77
2026-05-04,Машинка инерционная,91,73,349,7.68,45.6,1.41,1.11,11823,193
2026-05-04,Кукла с аксессуарами,58,47,1299,16.73,72.3,0.97,0.86,6894,74
2026-05-04,Набор для творчества,32,27,899,14.3,65.8,0.86,0.82,3652,67
2026-05-04,Мяч футбольный,56,45,499,10.02,52.7,1.19,0.84,5909,113
2026-05-04,Книга детская,21,17,299,5.61,38.6,0.67,0.68,3255,51
2026-05-04,Набор кухонный,28,24,1599,18.77,78.6,0.96,0.79,4325,64
2026-05-04,Самокат складной,17,13,3999,29.21,88.9,0.71,0.48,2470,40
2026-05-05,Игрушка мягкая мишка,74,60,789,16.98,70.8,0.74,0.82,10625,166
2026-05-05,Конструктор LEGO City,38,35,2499,21.68,82.5,1.28,0.87,4755,65
2026-05-05,Пазл 1000 деталей,28,23,599,11.51,58.8,0.92,0.75,3946,66
2026-05-05,Машинка инерционная,92,80,349,7.4,46.3,1.32,0.97,10089,129
2026-05-05,Кукла с аксессуарами,50,44,1299,19.77,73.0,1.15,0.82,4972,83
2026-05-05,Набор для творчества,35,30,899,14.01,68.1,0.82,0.78,4953,77
2026-05-05,Мяч футбольный,52,41,499,10.23,57.0,1.24,1.0,6209,77
2026-05-05,Книга детская,23,21,299,5.55,38.5,0.69,0.58,3497,58
2026-05-05,Набор кухонный,34,32,1599,21.53,80.8,0.78,0.76,3790,62
2026-05-05,Самокат складной,21,17,3999,30.18,87.9,0.57,0.59,2615,52
2026-05-06,Игрушка мягкая мишка,77,65,789,15.45,66.7,0.89,0.72,9742,121
2026-05-06,Конструктор LEGO City,41,34,2499,20.91,83.6,1.13,1.0,5409,62
2026-05-06,Пазл 1000 деталей,28,26,599,11.34,62.7,0.86,0.72,3587,61
2026-05-06,Машинка инерционная,90,85,349,7.88,44.8,1.53,1.14,10254,139
2026-05-06,Кукла с аксессуарами,45,41,1299,16.28,75.1,0.9,0.85,5519,80
2026-05-06,Набор для творчества,45,41,899,15.06,65.0,1.01,0.72,4893,86
2026-05-06,Мяч футбольный,57,48,499,10.14,55.4,1.22,0.85,7543,140
2026-05-06,Книга детская,26,22,299,5.88,41.7,0.76,0.63,2616,35
2026-05-06,Набор кухонный,38,34,1599,20.7,77.7,0.83,0.78,3501,56
2026-05-06,Самокат складной,16,14,3999,25.52,93.7,0.69,0.61,2847,38
2026-05-07,Игрушка мягкая мишка,62,57,789,17.06,72.1,0.75,0.72,10513,197
2026-05-07,Конструктор LEGO City,41,38,2499,20.55,88.9,1.32,0.91,4077,44
2026-05-07,Пазл 1000 деталей,30,24,599,11.09,59.4,0.8,0.71,3645,39
2026-05-07,Машинка инерционная,79,66,349,8.4,45.2,1.66,1.03,12505,181
2026-05-07,Кукла с аксессуарами,63,56,1299,16.38,71.6,0.97,0.82,6080,116
2026-05-07,Набор для творчества,35,30,899,12.75,67.0,1.08,0.87,4224,45
2026-05-07,Мяч футбольный,52,44,499,10.56,56.8,1.12,1.03,8303,113
2026-05-07,Книга детская,22,20,299,6.1,38.5,0.65,0.68,3368,37
2026-05-07,Набор кухонный,39,31,1599,21.95,76.2,0.81,0.83,4356,82
2026-05-07,Самокат складной,21,18,3999,28.16,93.7,0.56,0.57,2283,25
2026-05-08,Игрушка мягкая мишка,81,69,789,16.84,72.2,0.73,0.72,9966,114
2026-05-08,Конструктор LEGO City,40,37,2499,23.78,81.1,1.22,0.9,5744,96
2026-05-08,Пазл 1000 деталей,31,25,599,12.65,59.2,0.98,0.66,4141,42
2026-05-08,Машинка инерционная,96,88,349,8.48,46.4,1.38,1.15,10524,176
2026-05-08,Кукла с аксессуарами,48,45,1299,16.39,72.3,1.02,0.74,6812,104
2026-05-08,Набор для творчества,44,40,899,13.65,68.0,0.99,0.71,4804,84
2026-05-08,Мяч футбольный,57,49,499,10.54,55.1,0.94,0.84,7532,97
2026-05-08,Книга детская,22,19,299,5.56,41.9,0.61,0.63,3229,34
2026-05-08,Набор кухонный,28,26,1599,19.34,82.8,0.81,0.8,3956,76
2026-05-08,Самокат складной,22,17,3999,27.01,92.3,0.6,0.53,2152,23
2026-05-09,Игрушка мягкая мишка,57,50,789,15.63,67.8,0.85,0.91,7504,118
2026-05-09,Конструктор LEGO City,40,34,2499,20.92,88.9,1.23,0.79,5033,65
2026-05-09,Пазл 1000 деталей,29,24,599,12.46,57.3,0.95,0.76,3382,54
2026-05-09,Машинка инерционная,96,80,349,8.17,45.1,1.46,1.2,10176,168
2026-05-09,Кукла с аксессуарами,47,37,1299,18.92,72.6,1.14,0.92,5563,67
2026-05-09,Набор для творчества,36,30,899,13.32,67.4,0.97,0.9,5232,90
2026-05-09,Мяч футбольный,56,46,499,9.99,54.8,1.1,0.85,5796,96
2026-05-09,Книга детская,23,20,299,6.19,41.9,0.63,0.55,2926,32
2026-05-09,Набор кухонный,36,31,1599,20.11,77.6,0.94,0.79,3887,43
2026-05-09,Самокат складной,16,13,3999,28.6,93.8,0.72,0.49,2500,41
2026-05-10,Игрушка мягкая мишка,60,55,789,14.46,69.6,0.77,0.77,9683,128
2026-05-10,Конструктор LEGO City,52,47,2499,20.63,81.1,1.33,1.03,5983,108
2026-05-10,Пазл 1000 деталей,24,21,599,12.06,62.5,0.85,0.64,3211,52
2026-05-10,Машинка инерционная,93,76,349,8.38,44.4,1.49,1.11,14365,246
2026-05-10,Кукла с аксессуарами,56,51,1299,19.77,78.6,0.98,0.81,7125,133
2026-05-10,Набор для творчества,33,31,899,12.81,66.7,0.94,0.74,5073,94
2026-05-10,Мяч футбольный,61,50,499,10.65,54.1,1.22,0.87,6991,125
2026-05-10,Книга детская,21,19,299,6.16,41.4,0.79,0.54,3515,59
2026-05-10,Набор кухонный,40,33,1599,20.23,77.6,0.88,0.76,4209,74
2026-05-10,Самокат складной,23,21,3999,26.14,87.9,0.64,0.52,2949,47
2026-05-11,Игрушка мягкая мишка,83,72,789,16.45,66.8,0.74,0.92,9203,120
2026-05-11,Конструктор LEGO City,39,35,2499,23.58,88.8,1.19,0.85,4687,76
2026-05-11,Пазл 1000 деталей,34,27,599,12.1,60.9,0.89,0.61,4063,62
2026-05-11,Машинка инерционная,96,78,349,7.28,44.4,1.57,1.09,11740,157
2026-05-11,Кукла с аксессуарами,60,52,1299,17.65,78.0,0.97,0.81,5255,69
2026-05-11,Набор для творчества,32,30,899,14.55,67.0,1.05,0.73,3642,57
2026-05-11,Мяч футбольный,50,44,499,10.52,56.1,1.04,0.93,6040,106
2026-05-11,Книга детская,24,22,299,6.46,40.5,0.7,0.66,3313,46
2026-05-11,Набор кухонный,39,31,1599,18.37,76.0,0.86,0.74,3573,47
2026-05-11,Самокат складной,21,17,3999,28.17,91.3,0.62,0.51,2413,30
2026-05-12,Игрушка мягкая мишка,58,49,789,17.12,71.4,0.7,0.68,9370,151
2026-05-12,Конструктор LEGO City,50,45,2499,20.86,83.8,1.37,0.85,4516,49
2026-05-12,Пазл 1000 деталей,34,28,599,10.89,58.6,0.78,0.62,3516,64
2026-05-12,Машинка инерционная,77,63,349,7.34,45.2,1.44,1.21,13642,182
2026-05-12,Кукла с аксессуарами,52,43,1299,17.67,78.6,1.12,0.81,6533,79
2026-05-12,Набор для творчества,41,35,899,15.34,65.5,0.99,0.74,4394,78
2026-05-12,Мяч футбольный,67,57,499,10.79,57.1,1.17,0.95,6792,94
2026-05-12,Книга детская,20,18,299,6.13,38.8,0.74,0.54,3262,47
2026-05-12,Набор кухонный,41,33,1599,21.45,80.2,0.9,0.74,4797,49
2026-05-12,Самокат складной,22,20,3999,26.95,91.9,0.66,0.53,2068,38
2026-05-13,Игрушка мягкая мишка,58,51,789,15.01,67.1,0.83,0.75,7690,106
2026-05-13,Конструктор LEGO City,49,43,2499,20.22,86.5,1.37,0.82,4703,64
2026-05-13,Пазл 1000 деталей,32,28,599,12.27,59.8,0.77,0.62,3894,68
2026-05-13,Машинка инерционная,81,66,349,7.79,43.5,1.46,1.01,9983,125
2026-05-13,Кукла с аксессуарами,51,47,1299,17.04,73.7,0.88,0.95,5323,76
2026-05-13,Набор для творчества,46,39,899,12.78,62.5,0.85,0.91,4567,89
2026-05-13,Мяч футбольный,48,40,499,9.31,52.5,1.2,0.9,6774,103
2026-05-13,Книга детская,25,23,299,5.43,40.6,0.72,0.61,3101,60
2026-05-13,Набор кухонный,39,31,1599,21.7,79.1,0.73,0.71,4544,71
2026-05-13,Самокат складной,20,18,3999,27.09,91.3,0.56,0.5,2694,27
2026-05-14,Игрушка мягкая мишка,58,52,789,15.46,73.3,0.75,0.76,10321,194
2026-05-14,Конструктор LEGO City,53,44,2499,22.54,86.5,1.31,0.88,5344,91
2026-05-14,Пазл 1000 деталей,24,20,599,12.88,57.1,0.78,0.68,2972,59
2026-05-14,Машинка инерционная,83,68,349,8.8,45.1,1.63,1.13,10727,126
2026-05-14,Кукла с аксессуарами,60,53,1299,19.31,75.3,0.87,0.74,5981,87
2026-05-14,Набор для творчества,45,42,899,14.1,61.9,0.93,0.7,4649,81
2026-05-14,Мяч футбольный,57,53,499,10.52,52.7,1.17,0.89,7246,136
2026-05-14,Книга детская,21,17,299,5.51,39.6,0.69,0.61,3324,51
2026-05-14,Набор кухонный,32,26,1599,19.72,81.8,0.9,0.77,4060,69
2026-05-14,Самокат складной,17,15,3999,27.32,92.5,0.6,0.5,2045,33
2026-05-15,Игрушка мягкая мишка,79,64,789,16.83,68.7,0.86,0.72,7708,81
2026-05-15,Конструктор LEGO City,44,39,2499,21.14,88.9,1.22,1.01,4216,45
2026-05-15,Пазл 1000 деталей,24,20,599,10.97,61.8,1.02,0.6,2900,51
2026-05-15,Машинка инерционная,86,77,349,7.38,47.1,1.36,1.12,12789,219
2026-05-15,Кукла с аксессуарами,50,45,1299,18.81,72.0,0.96,0.85,5850,110
2026-05-15,Набор для творчества,33,26,899,12.67,66.8,1.02,0.91,4183,72
2026-05-15,Мяч футбольный,63,54,499,10.97,55.6,1.0,0.81,8331,109
2026-05-15,Книга детская,21,18,299,5.82,38.9,0.68,0.58,2892,46
2026-05-15,Набор кухонный,33,29,1599,21.04,78.4,0.92,0.67,3769,65
2026-05-15,Самокат складной,16,14,3999,27.63,92.3,0.6,0.52,2396,40
2026-05-16,Игрушка мягкая мишка,73,65,789,17.21,70.1,0.68,0.78,8531,127
2026-05-16,Конструктор LEGO City,43,36,2499,23.18,85.9,1.05,0.8,4693,56
2026-05-16,Пазл 1000 деталей,30,26,599,12.76,58.7,0.91,0.72,2812,53
2026-05-16,Машинка инерционная,84,70,349,8.44,45.8,1.39,1.17,11866,191
2026-05-16,Кукла с аксессуарами,64,57,1299,17.81,74.3,1.14,0.97,5330,67
2026-05-16,Набор для творчества,43,37,899,13.61,62.0,0.85,0.73,5159,72
2026-05-16,Мяч футбольный,57,49,499,9.36,52.9,1.02,0.92,6220,91
2026-05-16,Книга детская,20,18,299,5.8,40.2,0.63,0.64,2956,48
2026-05-16,Набор кухонный,35,31,1599,18.42,77.5,0.73,0.82,4276,43
2026-05-16,Самокат складной,22,18,3999,29.23,87.5,0.61,0.58,2785,29
2026-05-17,Игрушка мягкая мишка,59,49,789,15.28,67.7,0.69,0.73,10291,156
2026-05-17,Конструктор LEGO City,40,32,2499,21.49,86.9,1.37,0.81,4081,67
2026-05-17,Пазл 1000 деталей,34,28,599,12.08,62.2,0.81,0.7,3531,58
2026-05-17,Машинка инерционная,73,65,349,7.63,43.2,1.55,1.11,14204,209
2026-05-17,Кукла с аксессуарами,46,38,1299,19.44,75.9,1.11,0.9,5370,81
2026-05-17,Набор для творчества,40,33,899,14.16,63.9,1.02,0.81,5015,99
2026-05-17,Мяч футбольный,53,49,499,10.51,54.7,1.18,0.86,5673,104
2026-05-17,Книга детская,29,26,299,6.55,40.3,0.68,0.59,2973,43
2026-05-17,Набор кухонный,41,33,1599,21.58,80.3,0.74,0.83,4229,51
2026-05-17,Самокат складной,21,18,3999,28.25,92.1,0.69,0.48,2389,35
2026-05-18,Игрушка мягкая мишка,73,68,789,15.56,69.4,0.84,0.84,7594,86
2026-05-18,Конструктор LEGO City,37,31,2499,23.74,81.5,1.19,1.03,5201,76
2026-05-18,Пазл 1000 деталей,25,21,599,12.07,58.9,0.95,0.6,3867,64
2026-05-18,Машинка инерционная,90,83,349,7.33,45.7,1.62,1.1,10343,182
2026-05-18,Кукла с аксессуарами,59,47,1299,17.1,73.8,1.01,0.95,5554,107
2026-05-18,Набор для творчества,43,38,899,13.45,67.8,0.86,0.83,5229,63
2026-05-18,Мяч футбольный,55,44,499,9.96,56.3,0.99,0.83,6576,95
2026-05-18,Книга детская,29,26,299,5.96,38.3,0.75,0.58,2926,50
2026-05-18,Набор кухонный,34,29,1599,18.3,77.9,0.9,0.85,4559,54
2026-05-18,Самокат складной,17,15,3999,25.87,87.3,0.73,0.56,2751,27
2026-05-19,Игрушка мягкая мишка,58,51,789,16.37,67.1,0.81,0.76,10205,196
2026-05-19,Конструктор LEGO City,46,41,2499,21.76,85.4,1.24,1.0,4738,68
2026-05-19,Пазл 1000 деталей,28,23,599,12.28,58.9,0.77,0.76,3334,58
2026-05-19,Машинка инерционная,73,62,349,7.47,43.6,1.37,1.21,9773,108
2026-05-19,Кукла с аксессуарами,62,50,1299,16.84,77.3,0.99,0.9,6059,79
2026-05-19,Набор для творчества,36,28,899,15.2,64.1,1.06,0.85,5107,74
2026-05-19,Мяч футбольный,65,60,499,9.87,56.8,0.95,0.94,8131,145
2026-05-19,Книга детская,21,18,299,5.64,40.4,0.65,0.51,3431,49
2026-05-19,Набор кухонный,32,28,1599,21.0,78.5,0.74,0.85,4152,66
2026-05-19,Самокат складной,22,19,3999,27.58,88.8,0.59,0.47,2401,41
2026-05-20,Игрушка мягкая мишка,83,75,789,15.14,69.4,0.75,0.83,9634,116
2026-05-20,Конструктор LEGO City,45,41,2499,19.91,86.9,1.13,0.89,4270,49
2026-05-20,Пазл 1000 деталей,35,32,599,10.95,59.5,0.88,0.74,3213,42
2026-05-20,Машинка инерционная,72,58,349,7.74,44.3,1.67,0.95,12196,194
2026-05-20,Кукла с аксессуарами,52,44,1299,16.3,73.1,0.86,0.95,4970,89
2026-05-20,Набор для творчества,45,37,899,14.5,65.4,0.89,0.87,3923,64
2026-05-20,Мяч футбольный,68,61,499,10.15,54.4,1.26,0.83,6344,64
2026-05-20,Книга детская,21,18,299,5.73,40.1,0.61,0.58,2670,41
2026-05-20,Набор кухонный,32,27,1599,19.05,80.3,0.85,0.72,4530,79
2026-05-20,Самокат складной,19,16,3999,28.43,90.6,0.73,0.6,2603,48
2026-05-21,Игрушка мягкая мишка,77,67,789,15.67,68.2,0.77,0.77,8567,87
2026-05-21,Конструктор LEGO City,40,33,2499,20.49,84.4,1.21,0.98,4637,70
2026-05-21,Пазл 1000 деталей,32,27,599,12.92,62.5,1.03,0.63,3812,67
2026-05-21,Машинка инерционная,84,67,349,8.02,47.0,1.34,1.01,10407,120
2026-05-21,Кукла с аксессуарами,55,51,1299,17.76,78.5,1.07,0.8,6410,104
2026-05-21,Набор для творчества,37,33,899,14.8,66.9,0.93,0.91,4539,64
2026-05-21,Мяч футбольный,57,48,499,10.13,53.1,1.16,1.02,8384,158
2026-05-21,Книга детская,27,24,299,5.45,39.5,0.74,0.58,2816,37
2026-05-21,Набор кухонный,37,33,1599,19.48,79.1,0.91,0.76,4334,73
2026-05-21,Самокат складной,18,16,3999,29.71,92.6,0.61,0.47,2571,32
2026-05-22,Игрушка мягкая мишка,70,58,789,17.39,73.2,0.78,0.87,9937,165
2026-05-22,Конструктор LEGO City,44,39,2499,23.08,85.3,1.2,0.98,4865,87
2026-05-22,Пазл 1000 деталей,32,28,599,11.92,60.9,1.03,0.8,3074,55
2026-05-22,Машинка инерционная,71,67,349,8.35,45.3,1.66,1.23,12034,232
2026-05-22,Кукла с аксессуарами,50,40,1299,16.75,76.7,1.01,0.92,4985,76
2026-05-22,Набор для творчества,38,33,899,13.67,66.2,0.96,0.74,4877,71
2026-05-22,Мяч футбольный,52,41,499,9.58,57.6,1.05,0.79,6619,83
2026-05-22,Книга детская,22,18,299,5.47,41.5,0.76,0.56,3020,42
2026-05-22,Набор кухонный,39,35,1599,18.68,80.6,0.89,0.82,3307,34
2026-05-22,Самокат складной,16,13,3999,27.2,90.5,0.73,0.48,2629,37
2026-05-23,Игрушка мягкая мишка,68,58,789,14.65,72.4,0.76,0.74,9245,96
2026-05-23,Конструктор LEGO City,39,33,2499,22.29,81.1,1.29,0.99,4618,81
2026-05-23,Пазл 1000 деталей,28,23,599,11.44,61.1,0.99,0.77,3235,57
2026-05-23,Машинка инерционная,92,85,349,7.53,46.9,1.56,1.12,13791,232
2026-05-23,Кукла с аксессуарами,44,36,1299,19.45,72.5,0.86,0.81,4950,97
2026-05-23,Набор для творчества,40,32,899,14.89,65.8,0.96,0.88,5158,94
2026-05-23,Мяч футбольный,50,40,499,9.87,56.9,1.06,0.98,7620,106
2026-05-23,Книга детская,25,22,299,5.61,38.7,0.69,0.68,2831,29
2026-05-23,Набор кухонный,37,31,1599,21.42,76.1,0.88,0.65,4733,59
2026-05-23,Самокат складной,22,19,3999,30.51,91.0,0.71,0.53,2576,36
2026-05-24,Игрушка мягкая мишка,67,55,789,15.98,71.2,0.89,0.79,8382,152
2026-05-24,Конструктор LEGO City,44,39,2499,21.43,89.1,1.09,0.92,5116,62
2026-05-24,Пазл 1000 деталей,35,28,599,11.2,57.5,0.91,0.7,3085,50
2026-05-24,Машинка инерционная,95,78,349,7.64,45.9,1.28,1.16,11734,130
2026-05-24,Кукла с аксессуарами,58,47,1299,17.61,76.1,0.99,0.79,6822,89
2026-05-24,Набор для творчества,47,38,899,14.44,65.7,0.86,0.91,3870,77
2026-05-24,Мяч футбольный,66,61,499,10.73,55.5,1.11,1.02,5745,58
2026-05-24,Книга детская,20,16,299,5.59,38.0,0.71,0.66,2714,54
2026-05-24,Набор кухонный,37,30,1599,19.88,83.4,0.87,0.81,3301,53
2026-05-24,Самокат складной,21,19,3999,28.51,90.7,0.59,0.54,2341,43
2026-05-25,Игрушка мягкая мишка,71,66,789,15.6,67.2,0.71,0.81,7925,146
2026-05-25,Конструктор LEGO City,36,34,2499,21.48,85.0,1.31,0.98,4141,78
2026-05-25,Пазл 1000 деталей,28,25,599,11.17,62.0,1.03,0.69,3193,48
2026-05-25,Машинка инерционная,86,72,349,7.68,44.2,1.42,0.98,12337,223
2026-05-25,Кукла с аксессуарами,55,47,1299,16.77,78.5,1.07,0.79,5436,74
2026-05-25,Набор для творчества,32,26,899,13.91,66.1,0.89,0.9,3662,56
2026-05-25,Мяч футбольный,57,50,499,10.01,53.4,0.96,0.92,8339,107
2026-05-25,Книга детская,25,21,299,6.11,41.8,0.68,0.61,3247,47
2026-05-25,Набор кухонный,30,27,1599,21.9,81.9,0.84,0.82,4131,75
2026-05-25,Самокат складной,16,13,3999,28.05,93.5,0.69,0.53,2898,33
2026-05-26,Игрушка мягкая мишка,74,59,789,15.21,66.9,0.83,0.89,10528,206
2026-05-26,Конструктор LEGO City,49,44,2499,22.03,86.4,1.1,0.87,4502,49
2026-05-26,Пазл 1000 деталей,29,24,599,10.84,58.4,0.98,0.74,3424,35
2026-05-26,Машинка инерционная,100,92,349,8.37,44.2,1.29,1.13,11653,128
2026-05-26,Кукла с аксессуарами,61,54,1299,17.14,71.6,1.08,0.85,6551,126
2026-05-26,Набор для творчества,47,41,899,14.34,63.5,1.04,0.9,3625,49
2026-05-26,Мяч футбольный,60,51,499,10.83,52.3,1.13,0.83,6756,84
2026-05-26,Книга детская,27,23,299,6.16,38.1,0.7,0.61,2908,39
2026-05-26,Набор кухонный,37,29,1599,19.71,81.7,0.89,0.75,3959,42
2026-05-26,Самокат складной,18,17,3999,26.69,87.2,0.59,0.6,2548,44
2026-05-27,Игрушка мягкая мишка,78,71,789,15.6,72.7,0.88,0.68,7993,143
2026-05-27,Конструктор LEGO City,49,43,2499,21.76,87.3,1.16,0.83,4448,48
2026-05-27,Пазл 1000 деталей,28,25,599,11.85,61.5,0.97,0.73,3797,46
2026-05-27,Машинка инерционная,88,80,349,7.54,44.3,1.38,0.94,13657,246
2026-05-27,Кукла с аксессуарами,62,50,1299,19.4,72.0,0.94,0.73,5084,79
2026-05-27,Набор для творчества,38,32,899,13.26,67.2,0.97,0.86,4988,92
2026-05-27,Мяч футбольный,63,53,499,10.33,54.3,1.26,0.97,8152,134
2026-05-27,Книга детская,28,26,299,5.92,40.5,0.71,0.56,2714,34
2026-05-27,Набор кухонный,31,29,1599,21.81,80.7,0.78,0.74,4629,77
2026-05-27,Самокат складной,20,18,3999,29.09,88.6,0.65,0.63,2022,28
2026-05-28,Игрушка мягкая мишка,74,64,789,15.2,72.8,0.9,0.86,10136,180
2026-05-28,Конструктор LEGO City,36,30,2499,21.78,83.7,1.37,0.82,4105,41
2026-05-28,Пазл 1000 деталей,27,23,599,11.28,57.1,0.85,0.64,2845,29
2026-05-28,Машинка инерционная,92,81,349,7.8,46.7,1.5,1.05,13677,215
2026-05-28,Кукла с аксессуарами,45,38,1299,18.24,77.9,1.06,0.72,6754,114
2026-05-28,Набор для творчества,32,28,899,12.85,67.4,0.95,0.89,4668,65
2026-05-28,Мяч футбольный,48,38,499,9.01,55.1,1.11,0.86,7504,149
2026-05-28,Книга детская,26,21,299,5.61,40.5,0.73,0.52,3098,56
2026-05-28,Набор кухонный,40,34,1599,18.8,81.9,0.8,0.67,3499,42
2026-05-28,Самокат складной,16,14,3999,30.7,92.9,0.74,0.48,2913,30
2026-05-29,Игрушка мягкая мишка,69,55,789,16.14,70.4,0.71,0.87,8545,138
2026-05-29,Конструктор LEGO City,49,45,2499,23.51,83.2,1.26,0.96,5365,72
2026-05-29,Пазл 1000 деталей,28,25,599,11.22,57.6,0.95,0.62,2985,39
2026-05-29,Машинка инерционная,71,67,349,7.3,47.2,1.35,1.02,13905,220
2026-05-29,Кукла с аксессуарами,44,37,1299,18.77,77.9,0.97,0.87,4871,72
2026-05-29,Набор для творчества,36,33,899,14.86,63.7,0.98,0.84,5335,61
2026-05-29,Мяч футбольный,63,53,499,10.7,55.3,1.23,1.02,7968,99
2026-05-29,Книга детская,22,19,299,6.59,40.1,0.63,0.55,3196,57
2026-05-29,Набор кухонный,36,31,1599,21.82,77.2,0.72,0.86,3300,63
2026-05-29,Самокат складной,23,18,3999,30.21,86.9,0.68,0.5,2962,31
2026-05-30,Игрушка мягкая мишка,71,66,789,14.52,72.9,0.88,0.86,7605,81
2026-05-30,Конструктор LEGO City,51,47,2499,23.02,85.8,1.03,1.03,5752,91
2026-05-30,Пазл 1000 деталей,31,25,599,11.01,60.6,0.83,0.77,3949,71
2026-05-30,Машинка инерционная,84,73,349,7.24,43.9,1.53,1.04,12702,237
2026-05-30,Кукла с аксессуарами,59,51,1299,18.32,74.6,0.86,0.82,6053,119
2026-05-30,Набор для творчества,37,30,899,13.23,66.2,0.83,0.81,4133,70
2026-05-30,Мяч футбольный,52,46,499,9.83,55.0,0.96,0.89,6265,92
2026-05-30,Книга детская,28,23,299,6.29,41.2,0.61,0.68,2637,37
2026-05-30,Набор кухонный,31,27,1599,20.61,78.5,0.9,0.86,4518,74
2026-05-30,Самокат складной,22,18,3999,25.36,85.5,0.58,0.54,2335,36
2026-05-31,Игрушка мягкая мишка,73,60,789,17.32,71.3,0.81,0.7,8079,112
2026-05-31,Конструктор LEGO City,40,33,2499,20.94,84.2,1.26,0.85,5593,96
2026-05-31,Пазл 1000 деталей,34,31,599,11.77,63.0,1.02,0.74,3248,33
2026-05-31,Машинка инерционная,70,58,349,7.42,43.2,1.59,1.26,13765,141
2026-05-31,Кукла с аксессуарами,46,37,1299,19.54,77.6,1.08,0.86,6666,82
2026-05-31,Набор для творчества,37,29,899,13.13,62.0,0.88,0.75,3875,54
2026-05-31,Мяч футбольный,48,44,499,9.96,57.3,1.01,0.95,6006,100
2026-05-31,Книга детская,29,23,299,5.46,41.4,0.75,0.66,3342,52
2026-05-31,Набор кухонный,39,32,1599,19.94,83.3,0.9,0.76,4072,75
2026-05-31,Самокат складной,18,14,3999,25.68,91.0,0.61,0.51,2096,23
2026-06-01,Игрушка мягкая мишка,75,60,789,15.84,73.2,0.91,0.85,9168,153
2026-06-01,Конструктор LEGO City,53,48,2499,24.18,85.0,1.04,0.88,4212,68
2026-06-01,Пазл 1000 деталей,34,30,599,10.8,59.8,0.89,0.67,4036,70
2026-06-01,Машинка инерционная,86,69,349,8.07,46.9,1.7,1.06,13523,226
2026-06-01,Кукла с аксессуарами,64,53,1299,17.75,71.8,1.14,0.9,5674,106
2026-06-01,Набор для творчества,39,35,899,13.21,65.5,0.91,0.83,5079,75
2026-06-01,Мяч футбольный,63,58,499,9.51,56.6,1.22,0.94,7664,137
2026-06-01,Книга детская,23,20,299,6.21,39.3,0.73,0.68,3297,63
2026-06-01,Набор кухонный,41,38,1599,19.94,78.6,0.77,0.76,4423,67
2026-06-01,Самокат складной,20,16,3999,25.66,86.1,0.58,0.55,2039,35
2026-06-02,Игрушка мягкая мишка,64,54,789,17.05,70.9,0.77,0.75,9065,122
2026-06-02,Конструктор LEGO City,45,39,2499,23.28,86.6,1.27,1.03,4735,60
2026-06-02,Пазл 1000 деталей,31,25,599,12.36,59.3,0.8,0.75,3990,65
2026-06-02,Машинка инерционная,96,83,349,7.29,46.8,1.34,0.95,11579,160
2026-06-02,Кукла с аксессуарами,59,54,1299,18.01,76.8,1.11,0.82,5952,100
2026-06-02,Набор для творчества,43,35,899,14.56,65.9,0.98,0.89,5092,79
2026-06-02,Мяч футбольный,68,62,499,10.55,56.4,1.15,1.02,6886,113
2026-06-02,Книга детская,28,22,299,5.89,41.5,0.75,0.53,2778,49
2026-06-02,Набор кухонный,37,29,1599,21.86,77.2,0.97,0.77,3997,73
2026-06-02,Самокат складной,16,15,3999,30.78,88.9,0.69,0.6,2138,33
2026-06-03,Игрушка мягкая мишка,59,54,789,16.36,67.4,0.77,0.91,10081,106
2026-06-03,Конструктор LEGO City,50,45,2499,23.31,84.9,1.3,0.8,4474,80
2026-06-03,Пазл 1000 деталей,24,22,599,11.46,59.1,0.85,0.76,3038,42
2026-06-03,Машинка инерционная,98,84,349,8.05,43.0,1.47,1.18,10111,138
2026-06-03,Кукла с аксессуарами,51,44,1299,17.58,78.7,1.13,0.75,5342,69
2026-06-03,Набор для творчества,43,34,899,15.07,67.6,0.91,0.71,4615,78
2026-06-03,Мяч футбольный,49,45,499,10.18,53.3,0.94,0.9,5816,96
2026-06-03,Книга детская,24,21,299,6.0,39.2,0.63,0.65,2604,27
2026-06-03,Набор кухонный,40,36,1599,20.92,80.4,0.76,0.64,3929,48
2026-06-03,Самокат складной,17,14,3999,27.44,85.9,0.59,0.61,2748,42
2026-06-04,Игрушка мягкая мишка,82,67,789,14.84,70.3,0.91,0.77,8056,123
2026-06-04,Конструктор LEGO City,41,33,2499,23.71,82.0,1.03,0.81,4444,70
2026-06-04,Пазл 1000 деталей,31,28,599,12.73,62.4,0.94,0.8,2923,36
2026-06-04,Машинка инерционная,98,89,349,8.56,45.1,1.28,1.19,10201,116
2026-06-04,Кукла с аксессуарами,45,37,1299,17.31,78.3,1.13,0.94,5098,59
2026-06-04,Набор для творчества,44,41,899,14.6,63.3,0.81,0.78,3718,42
2026-06-04,Мяч футбольный,49,41,499,9.42,54.8,1.03,0.83,7902,132
2026-06-04,Книга детская,29,26,299,6.26,39.9,0.66,0.62,3069,57
2026-06-04,Набор кухонный,36,33,1599,21.46,78.0,0.92,0.68,3877,51
2026-06-04,Самокат складной,19,15,3999,26.21,86.7,0.61,0.57,2139,41
2026-06-05,Игрушка мягкая мишка,71,67,789,15.91,69.9,0.91,0.84,9859,102
2026-06-05,Конструктор LEGO City,43,37,2499,19.86,86.1,1.05,0.86,4363,53
2026-06-05,Пазл 1000 деталей,30,24,599,11.18,58.5,0.98,0.61,3008,36
2026-06-05,Машинка инерционная,84,75,349,8.49,43.1,1.62,1.24,13393,186
2026-06-05,Кукла с аксессуарами,61,50,1299,16.86,73.9,1.07,0.76,6731,77
2026-06-05,Набор для творчества,35,32,899,12.95,65.7,0.85,0.89,4883,78
2026-06-05,Мяч футбольный,52,47,499,9.47,56.0,1.18,0.77,7322,118
2026-06-05,Книга детская,21,17,299,6.04,40.7,0.71,0.52,3120,62
2026-06-05,Набор кухонный,36,33,1599,18.81,82.4,0.82,0.64,3957,47
2026-06-05,Самокат складной,18,14,3999,25.48,92.1,0.61,0.59,2269,45
2026-06-06,Игрушка мягкая мишка,58,52,789,15.61,73.4,0.78,0.73,8467,128
2026-06-06,Конструктор LEGO City,39,35,2499,20.19,81.2,1.22,0.87,4118,53
2026-06-06,Пазл 1000 деталей,29,24,599,12.04,61.5,0.96,0.72,3954,78
2026-06-06,Машинка инерционная,82,72,349,7.92,47.2,1.69,1.08,13204,255
2026-06-06,Кукла с аксессуарами,57,47,1299,17.44,73.1,1.07,0.94,4817,62
2026-06-06,Набор для творчества,37,32,899,15.07,66.0,0.86,0.68,4465,56
2026-06-06,Мяч футбольный,54,46,499,10.92,54.1,1.16,0.96,7642,83
2026-06-06,Книга детская,27,22,299,5.89,39.5,0.76,0.67,2875,52
2026-06-06,Набор кухонный,35,28,1599,19.55,83.2,0.79,0.64,4656,55
2026-06-06,Самокат складной,20,17,3999,27.13,90.8,0.73,0.56,2983,42
2026-06-07,Игрушка мягкая мишка,79,66,789,14.54,70.1,0.8,0.73,10146,132
2026-06-07,Конструктор LEGO City,51,41,2499,21.23,83.8,1.28,0.86,4048,80
2026-06-07,Пазл 1000 деталей,25,22,599,11.5,62.9,0.9,0.77,3507,67
2026-06-07,Машинка инерционная,88,72,349,8.13,46.3,1.48,1.01,12814,148
2026-06-07,Кукла с аксессуарами,49,39,1299,19.76,78.1,1.06,0.74,6982,110
2026-06-07,Набор для творчества,41,38,899,13.32,64.6,0.98,0.75,3632,53
2026-06-07,Мяч футбольный,54,44,499,9.66,54.0,1.24,0.93,6342,64
2026-06-07,Книга детская,21,17,299,5.69,38.7,0.72,0.52,2532,34
2026-06-07,Набор кухонный,38,35,1599,19.55,83.8,0.97,0.72,3839,51
2026-06-07,Самокат складной,20,18,3999,25.21,90.5,0.57,0.47,2415,47
2026-06-08,Игрушка мягкая мишка,62,54,789,17.45,71.4,0.74,0.78,8128,138
2026-06-08,Конструктор LEGO City,37,31,2499,23.59,84.3,1.18,0.96,4467,61
2026-06-08,Пазл 1000 деталей,35,32,599,12.09,62.1,0.88,0.64,3928,69
2026-06-08,Машинка инерционная,79,63,349,7.89,42.9,1.51,0.96,11592,137
2026-06-08,Кукла с аксессуарами,51,41,1299,19.57,73.3,1.05,0.86,6117,121
2026-06-08,Набор для творчества,39,33,899,14.03,62.1,0.91,0.74,3901,41
2026-06-08,Мяч футбольный,60,49,499,9.84,55.8,1.08,1.01,7064,109
2026-06-08,Книга детская,24,21,299,5.67,40.1,0.71,0.57,3544,46
2026-06-08,Набор кухонный,37,31,1599,20.15,83.0,0.83,0.79,3463,54
2026-06-08,Самокат складной,22,20,3999,25.34,87.5,0.62,0.49,2373,27
2026-06-09,Игрушка мягкая мишка,64,55,789,15.28,68.8,0.81,0.72,9018,109
2026-06-09,Конструктор LEGO City,53,46,2499,24.05,84.6,1.07,0.96,5854,96
2026-06-09,Пазл 1000 деталей,31,25,599,11.52,61.7,0.8,0.65,3593,71
2026-06-09,Машинка инерционная,72,64,349,8.24,44.6,1.57,1.01,12978,225
2026-06-09,Кукла с аксессуарами,62,54,1299,18.99,78.6,1.12,0.85,6423,91
2026-06-09,Набор для творчества,34,27,899,14.94,64.7,0.96,0.89,4952,78
2026-06-09,Мяч футбольный,64,56,499,10.77,57.0,1.16,0.83,7713,87
2026-06-09,Книга детская,25,20,299,5.41,39.5,0.6,0.58,3182,44
2026-06-09,Набор кухонный,29,25,1599,19.44,80.2,0.94,0.71,4235,76
2026-06-09,Самокат складной,23,21,3999,29.38,90.6,0.63,0.6,2635,30
2026-06-10,Игрушка мягкая мишка,71,63,789,16.1,70.9,0.85,0.81,8001,108
2026-06-10,Конструктор LEGO City,42,36,2499,23.91,83.9,1.09,1.0,4058,46
2026-06-10,Пазл 1000 деталей,35,28,599,11.11,62.3,1.01,0.6,3704,64
2026-06-10,Машинка инерционная,83,72,349,8.62,46.1,1.31,1.13,14067,232
2026-06-10,Кукла с аксессуарами,46,39,1299,19.42,71.7,1.09,0.89,5693,70
2026-06-10,Набор для творчества,44,41,899,13.22,63.8,1.04,0.82,4861,68
2026-06-10,Мяч футбольный,67,54,499,10.45,55.2,1.09,0.84,7005,92
2026-06-10,Книга детская,28,23,299,5.96,41.7,0.62,0.63,3041,52
2026-06-10,Набор кухонный,33,26,1599,20.96,78.4,0.82,0.71,3617,51
2026-06-10,Самокат складной,17,15,3999,25.89,93.9,0.64,0.6,2148,40
2026-06-11,Игрушка мягкая мишка,73,63,789,15.07,66.9,0.75,0.87,8370,137
2026-06-11,Конструктор LEGO City,45,37,2499,20.81,83.0,1.34,0.86,5694,81
2026-06-11,Пазл 1000 деталей,25,20,599,11.46,60.8,0.82,0.73,3142,36
2026-06-11,Машинка инерционная,79,73,349,7.8,45.7,1.49,1.0,12064,217
2026-06-11,Кукла с аксессуарами,59,50,1299,19.15,72.1,1.02,0.96,5812,60
2026-06-11,Набор для творчества,43,36,899,14.92,67.2,0.83,0.9,3761,75
2026-06-11,Мяч футбольный,53,42,499,10.23,55.1,1.2,0.77,6625,99
2026-06-11,Книга детская,26,22,299,5.71,39.0,0.63,0.6,2844,42
2026-06-11,Набор кухонный,36,29,1599,21.0,83.6,0.88,0.67,4454,70
2026-06-11,Самокат складной,22,20,3999,27.76,87.1,0.7,0.49,2003,27
2026-06-12,Игрушка мягкая мишка,57,47,789,17.45,70.2,0.78,0.9,9840,128
2026-06-12,Конструктор LEGO City,45,36,2499,19.83,83.5,1.03,0.78,4882,70
2026-06-12,Пазл 1000 деталей,29,26,599,11.94,61.1,0.82,0.73,3107,37
2026-06-12,Машинка инерционная,72,66,349,7.26,46.8,1.49,0.96,12733,199
2026-06-12,Кукла с аксессуарами,51,41,1299,18.04,75.3,1.08,0.87,5727,114
2026-06-12,Набор для творчества,33,30,899,12.79,62.7,1.07,0.75,4715,83
2026-06-12,Мяч футбольный,64,57,499,9.9,55.6,1.22,0.86,8196,97
2026-06-12,Книга детская,29,25,299,6.21,40.4,0.78,0.66,3435,48
2026-06-12,Набор кухонный,30,26,1599,21.31,81.7,0.76,0.79,4700,87
2026-06-12,Самокат складной,20,17,3999,27.8,88.2,0.65,0.61,2539,33
2026-06-13,Игрушка мягкая мишка,83,67,789,15.2,72.8,0.8,0.83,10797,210
2026-06-13,Конструктор LEGO City,49,42,2499,21.0,85.5,1.28,0.77,5970,74
2026-06-13,Пазл 1000 деталей,25,22,599,12.2,57.7,0.98,0.63,2925,51
2026-06-13,Машинка инерционная,81,67,349,8.58,44.1,1.63,1.21,9769,130
2026-06-13,Кукла с аксессуарами,65,56,1299,17.88,75.2,1.11,0.81,4921,91
2026-06-13,Набор для творчества,46,37,899,14.83,65.9,1.05,0.84,4567,87
2026-06-13,Мяч футбольный,70,58,499,9.98,52.6,1.1,0.86,7343,133
2026-06-13,Книга детская,26,22,299,5.77,38.4,0.69,0.6,3479,55
2026-06-13,Набор кухонный,38,34,1599,19.66,81.2,0.92,0.79,4674,71
2026-06-13,Самокат складной,22,17,3999,30.3,89.6,0.66,0.48,2715,49
2026-06-14,Игрушка мягкая мишка,61,52,789,15.27,70.6,0.72,0.84,7209,132
2026-06-14,Конструктор LEGO City,45,38,2499,21.3,88.1,1.13,0.81,5601,57
2026-06-14,Пазл 1000 деталей,35,30,599,12.2,59.2,0.96,0.69,4010,78
2026-06-14,Машинка инерционная,97,86,349,7.51,45.4,1.54,1.21,13658,163
2026-06-14,Кукла с аксессуарами,48,40,1299,18.71,75.1,0.92,0.89,4859,89
2026-06-14,Набор для творчества,36,30,899,15.36,63.5,0.96,0.85,3888,58
2026-06-14,Мяч футбольный,69,58,499,9.22,56.5,1.03,0.82,6104,81
2026-06-14,Книга детская,27,24,299,6.2,39.6,0.73,0.51,2437,41
2026-06-14,Набор кухонный,33,30,1599,18.49,79.9,0.91,0.68,4103,72
2026-06-14,Самокат складной,18,16,3999,26.01,91.0,0.62,0.48,2068,35
2026-06-15,Игрушка мягкая мишка,67,57,789,14.8,71.7,0.74,0.68,9080,107
2026-06-15,Конструктор LEGO City,37,33,2499,24.07,86.8,1.18,0.86,4619,89
2026-06-15,Пазл 1000 деталей,27,23,599,12.45,58.1,0.93,0.67,4163,57
2026-06-15,Машинка инерционная,89,81,349,8.35,46.2,1.72,1.1,11713,134
2026-06-15,Кукла с аксессуарами,49,44,1299,17.5,72.1,1.15,0.9,5064,75
2026-06-15,Набор для творчества,40,36,899,14.81,65.1,0.91,0.8,4588,54
2026-06-15,Мяч футбольный,53,47,499,10.78,56.3,1.13,0.98,5954,92
2026-06-15,Книга детская,21,17,299,6.35,41.3,0.62,0.62,3529,52
2026-06-15,Набор кухонный,31,25,1599,19.33,79.9,0.8,0.65,3943,43
2026-06-15,Самокат складной,21,17,3999,29.81,88.0,0.74,0.59,2146,23
2026-06-16,Игрушка мягкая мишка,61,48,789,16.61,67.2,0.69,0.75,9526,184
2026-06-16,Конструктор LEGO City,41,33,2499,22.91,85.1,1.26,0.99,4621,49
2026-06-16,Пазл 1000 деталей,25,22,599,10.84,61.6,0.99,0.71,4106,43
2026-06-16,Машинка инерционная,69,59,349,7.38,43.0,1.28,0.94,12496,167
2026-06-16,Кукла с аксессуарами,46,38,1299,18.98,78.1,1.01,0.93,6999,105
2026-06-16,Набор для творчества,45,38,899,15.01,62.4,0.81,0.9,3902,63
2026-06-16,Мяч футбольный,60,48,499,10.55,55.6,1.22,0.83,6913,132
2026-06-16,Книга детская,28,26,299,5.48,40.1,0.74,0.64,3150,36
2026-06-16,Набор кухонный,30,27,1599,18.46,81.4,0.74,0.81,3689,52
2026-06-16,Самокат складной,17,14,3999,30.22,90.0,0.61,0.56,2377,33
2026-06-17,Игрушка мягкая мишка,68,58,789,16.28,72.3,0.73,0.74,8826,161
2026-06-17,Конструктор LEGO City,47,43,2499,21.36,84.1,1.05,0.88,5019,93
2026-06-17,Пазл 1000 деталей,32,29,599,12.33,58.8,0.92,0.78,3439,40
2026-06-17,Машинка инерционная,80,72,349,8.55,45.4,1.28,1.1,14344,283
2026-06-17,Кукла с аксессуарами,61,56,1299,16.9,75.1,1.01,0.84,6555,95
2026-06-17,Набор для творчества,37,30,899,14.66,63.7,0.86,0.76,5345,101
2026-06-17,Мяч футбольный,57,53,499,9.63,56.3,1.05,0.98,5851,105
2026-06-17,Книга детская,27,23,299,5.43,40.4,0.77,0.64,2798,31
2026-06-17,Набор кухонный,39,34,1599,18.88,81.8,0.96,0.83,4709,89
2026-06-17,Самокат складной,20,16,3999,27.59,91.5,0.59,0.51,2865,51
2026-06-18,Игрушка мягкая мишка,57,51,789,16.14,73.2,0.82,0.75,8340,152
2026-06-18,Конструктор LEGO City,36,29,2499,21.94,84.4,1.14,1.01,4852,92
2026-06-18,Пазл 1000 деталей,32,27,599,11.77,58.3,0.83,0.7,3306,38
2026-06-18,Машинка инерционная,83,71,349,8.05,44.3,1.66,0.95,14207,169
2026-06-18,Кукла с аксессуарами,60,51,1299,19.38,75.0,1.13,0.79,6590,100
2026-06-18,Набор для творчества,45,41,899,13.28,62.6,0.85,0.81,3853,53
2026-06-18,Мяч футбольный,63,52,499,10.3,56.7,1.01,0.98,5694,90
2026-06-18,Книга детская,27,22,299,6.21,38.3,0.62,0.53,2532,45
2026-06-18,Набор кухонный,28,23,1599,21.49,80.0,0.79,0.8,4183,61
2026-06-18,Самокат складной,18,15,3999,29.42,87.9,0.59,0.5,2358,44
2026-06-19,Игрушка мягкая мишка,73,69,789,14.93,68.0,0.84,0.77,7942,106
2026-06-19,Конструктор LEGO City,46,41,2499,22.29,82.2,1.33,0.95,4298,46
2026-06-19,Пазл 1000 деталей,24,22,599,12.56,58.0,0.99,0.6,2838,28
2026-06-19,Машинка инерционная,89,78,349,8.14,43.2,1.68,1.2,12278,148
2026-06-19,Кукла с аксессуарами,50,41,1299,17.78,72.5,0.93,0.97,5501,84
2026-06-19,Набор для творчества,41,38,899,14.05,63.9,1.03,0.79,5003,53
2026-06-19,Мяч футбольный,48,45,499,9.77,55.4,0.94,0.86,6267,89
2026-06-19,Книга детская,20,18,299,6.03,38.5,0.66,0.55,2419,25
2026-06-19,Набор кухонный,35,28,1599,21.15,79.7,0.87,0.83,4794,69
2026-06-19,Самокат складной,16,13,3999,30.37,89.2,0.75,0.54,2215,44
2026-06-20,Игрушка мягкая мишка,59,55,789,17.35,67.7,0.76,0.89,9500,102
2026-06-20,Конструктор LEGO City,38,31,2499,22.57,87.2,1.05,0.92,4177,82
2026-06-20,Пазл 1000 деталей,32,28,599,12.51,61.2,0.84,0.79,3434,55
2026-06-20,Машинка инерционная,71,56,349,7.37,47.1,1.35,1.24,9825,157
2026-06-20,Кукла с аксессуарами,53,45,1299,16.67,73.1,0.96,0.96,5953,61
2026-06-20,Набор для творчества,42,39,899,14.37,63.7,1.07,0.76,5138,54
2026-06-20,Мяч футбольный,70,60,499,9.25,54.6,1.08,0.88,8304,152
2026-06-20,Книга детская,21,18,299,6.16,38.5,0.63,0.53,3273,44
2026-06-20,Набор кухонный,39,34,1599,18.08,81.0,0.88,0.69,3870,49
2026-06-20,Самокат складной,19,17,3999,28.16,88.1,0.62,0.56,2454,32
2026-06-21,Игрушка мягкая мишка,62,57,789,14.55,67.7,0.78,0.74,8985,155
2026-06-21,Конструктор LEGO City,52,48,2499,21.83,82.1,1.27,0.94,5693,100
2026-06-21,Пазл 1000 деталей,33,26,599,12.12,58.3,0.86,0.65,3223,62
2026-06-21,Машинка инерционная,94,83,349,8.63,45.3,1.43,1.16,13492,254
2026-06-21,Кукла с аксессуарами,49,44,1299,16.2,74.2,1.07,0.79,4837,86
2026-06-21,Набор для творчества,32,26,899,15.1,65.8,0.96,0.79,3677,43
2026-06-21,Мяч футбольный,70,56,499,9.84,52.8,1.04,1.02,6702,90
2026-06-21,Книга детская,29,26,299,6.01,38.5,0.78,0.57,2902,52
2026-06-21,Набор кухонный,39,35,1599,20.96,83.8,0.97,0.68,4471,46
2026-06-21,Самокат складной,17,14,3999,27.4,94.1,0.59,0.61,2991,39
2026-06-22,Игрушка мягкая мишка,71,65,789,15.26,68.0,0.81,0.87,10541,201
2026-06-22,Конструктор LEGO City,36,32,2499,24.19,85.1,1.2,0.8,5411,55
2026-06-22,Пазл 1000 деталей,28,24,599,12.45,62.3,0.89,0.65,3657,36
2026-06-22,Машинка инерционная,81,75,349,7.28,45.2,1.67,1.18,11507,184
2026-06-22,Кукла с аксессуарами,49,42,1299,18.76,73.8,1.02,0.86,7065,140
2026-06-22,Набор для творчества,38,33,899,13.45,66.5,0.94,0.69,5350,80
2026-06-22,Мяч футбольный,51,46,499,10.6,54.9,1.02,1.02,6195,82
2026-06-22,Книга детская,24,21,299,6.23,39.1,0.73,0.52,3486,38
2026-06-22,Набор кухонный,33,29,1599,20.43,76.3,0.94,0.65,4338,48
2026-06-22,Самокат складной,23,19,3999,28.87,87.4,0.74,0.56,2294,27
2026-06-23,Игрушка мягкая мишка,81,70,789,15.95,70.4,0.8,0.88,9401,122
2026-06-23,Конструктор LEGO City,46,38,2499,23.15,88.2,1.24,0.86,5036,97
2026-06-23,Пазл 1000 деталей,28,22,599,12.43,57.8,0.8,0.65,3596,56
2026-06-23,Машинка инерционная,72,65,349,7.54,43.3,1.42,0.94,10818,115
2026-06-23,Кукла с аксессуарами,62,55,1299,18.28,73.2,1.06,0.84,5113,100
2026-06-23,Набор для творчества,44,40,899,14.02,66.4,0.91,0.8,4394,63
2026-06-23,Мяч футбольный,51,41,499,9.29,53.6,1.06,0.77,7081,75
2026-06-23,Книга детская,26,21,299,6.6,40.9,0.74,0.59,2551,32
2026-06-23,Набор кухонный,30,24,1599,19.43,78.5,0.81,0.69,3542,46
2026-06-23,Самокат складной,16,13,3999,28.74,89.3,0.62,0.63,2808,50
2026-06-24,Игрушка мягкая мишка,62,56,789,14.91,72.6,0.84,0.73,8708,141
2026-06-24,Конструктор LEGO City,41,37,2499,22.12,87.5,1.11,0.95,5913,65
2026-06-24,Пазл 1000 деталей,24,20,599,11.73,60.8,0.97,0.64,3009,42
2026-06-24,Машинка инерционная,68,55,349,7.33,45.3,1.46,0.94,12693,219
2026-06-24,Кукла с аксессуарами,55,45,1299,16.49,78.4,0.93,0.87,4958,80
2026-06-24,Набор для творчества,38,33,899,14.35,65.2,0.89,0.88,5134,52
2026-06-24,Мяч футбольный,52,41,499,9.21,53.3,1.18,0.89,8216,122
2026-06-24,Книга детская,25,22,299,5.96,40.1,0.65,0.6,3007,51
2026-06-24,Набор кухонный,29,23,1599,20.69,79.9,0.9,0.73,3539,49
2026-06-24,Самокат складной,18,16,3999,29.11,92.7,0.69,0.53,2202,24
2026-06-25,Игрушка мягкая мишка,78,65,789,14.53,70.7,0.69,0.86,10581,175
2026-06-25,Конструктор LEGO City,53,42,2499,23.24,85.7,1.07,0.84,4284,62
2026-06-25,Пазл 1000 деталей,27,22,599,12.56,58.8,0.93,0.8,2939,43
2026-06-25,Машинка инерционная,76,62,349,8.26,47.1,1.42,1.19,9936,173
2026-06-25,Кукла с аксессуарами,50,45,1299,19.1,78.6,0.97,0.93,6385,79
2026-06-25,Набор для творчества,42,34,899,15.25,64.0,0.88,0.77,3726,68
2026-06-25,Мяч футбольный,58,53,499,9.27,56.3,1.06,0.92,8245,112
2026-06-25,Книга детская,22,19,299,5.81,39.3,0.79,0.58,3495,60
2026-06-25,Набор кухонный,36,29,1599,21.15,80.5,0.98,0.67,3487,51
2026-06-25,Самокат складной,20,16,3999,30.43,89.4,0.64,0.61,2614,38
2026-06-26,Игрушка мягкая мишка,56,47,789,14.68,71.6,0.72,0.79,10497,155
2026-06-26,Конструктор LEGO City,51,41,2499,23.46,87.4,1.06,0.97,5990,115
2026-06-26,Пазл 1000 деталей,33,30,599,12.3,61.2,0.81,0.66,3470,37
2026-06-26,Машинка инерционная,82,74,349,7.66,47.0,1.49,1.17,12558,232
2026-06-26,Кукла с аксессуарами,63,53,1299,17.07,72.4,0.95,0.81,5432,72
2026-06-26,Набор для творчества,46,37,899,12.74,66.7,0.94,0.76,5226,78
2026-06-26,Мяч футбольный,50,41,499,10.49,52.7,1.06,0.91,6545,85
2026-06-26,Книга детская,24,19,299,6.05,39.7,0.64,0.54,3093,50
2026-06-26,Набор кухонный,41,34,1599,20.93,79.7,0.82,0.65,4017,56
2026-06-26,Самокат складной,18,14,3999,26.69,92.4,0.69,0.55,2122,35
2026-06-27,Игрушка мягкая мишка,78,64,789,16.58,67.8,0.89,0.77,9097,104
2026-06-27,Конструктор LEGO City,42,37,2499,22.16,85.0,1.35,0.84,4919,96
2026-06-27,Пазл 1000 деталей,30,26,599,13.0,61.5,0.85,0.61,3107,41
2026-06-27,Машинка инерционная,99,81,349,7.98,46.2,1.48,1.15,14294,182
2026-06-27,Кукла с аксессуарами,58,54,1299,18.6,72.4,1.05,0.79,7090,125
2026-06-27,Набор для творчества,44,35,899,14.9,63.6,0.94,0.76,5039,51
2026-06-27,Мяч футбольный,48,44,499,9.89,56.3,1.06,0.93,6539,108
2026-06-27,Книга детская,28,22,299,5.79,39.3,0.73,0.53,3516,36
2026-06-27,Набор кухонный,32,28,1599,21.38,83.2,0.93,0.82,3802,52
2026-06-27,Самокат складной,17,15,3999,26.3,88.4,0.72,0.55,2217,33
2026-06-28,Игрушка мягкая мишка,62,53,789,15.87,71.5,0.77,0.8,7579,76
2026-06-28,Конструктор LEGO City,37,32,2499,21.78,84.5,1.2,0.93,5196,75
2026-06-28,Пазл 1000 деталей,28,26,599,12.97,62.4,0.99,0.77,4022,71
2026-06-28,Машинка инерционная,76,61,349,7.97,45.5,1.7,1.21,13054,188
2026-06-28,Кукла с аксессуарами,49,44,1299,16.9,73.0,0.94,0.86,6667,109
2026-06-28,Набор для творчества,45,40,899,13.99,67.9,1.06,0.75,4425,67
2026-06-28,Мяч футбольный,69,61,499,10.09,55.2,1.08,0.82,7173,77
2026-06-28,Книга детская,20,16,299,5.84,40.2,0.77,0.51,3131,45
2026-06-28,Набор кухонный,30,26,1599,19.49,78.8,0.74,0.82,4729,83
2026-06-28,Самокат складной,16,13,3999,29.27,93.0,0.68,0.52,2264,37
2026-06-29,Игрушка мягкая мишка,59,49,789,14.85,68.5,0.69,0.71,8911,167
2026-06-29,Конструктор LEGO City,44,39,2499,20.36,83.9,1.36,0.86,5981,118
2026-06-29,Пазл 1000 деталей,26,22,599,12.85,58.1,0.88,0.71,2800,44
2026-06-29,Машинка инерционная,91,76,349,7.84,46.5,1.51,0.99,11616,143
2026-06-29,Кукла с аксессуарами,48,39,1299,17.14,74.7,1.06,0.95,6017,91
2026-06-29,Набор для творчества,44,41,899,12.99,63.0,1.09,0.81,4744,53
2026-06-29,Мяч футбольный,60,50,499,10.54,53.9,1.26,0.82,6551,72
2026-06-29,Книга детская,29,27,299,5.44,39.2,0.73,0.64,3018,44
2026-06-29,Набор кухонный,33,27,1599,20.28,79.4,0.93,0.7,3887,44
2026-06-29,Самокат складной,20,17,3999,25.2,87.2,0.74,0.62,2761,46
2026-06-30,Игрушка мягкая мишка,60,56,789,15.35,70.7,0.8,0.86,7707,103
2026-06-30,Конструктор LEGO City,37,31,2499,20.79,84.3,1.19,0.99,5154,61
2026-06-30,Пазл 1000 деталей,24,20,599,11.47,62.6,0.94,0.62,3342,46
2026-06-30,Машинка инерционная,79,63,349,7.98,46.5,1.72,1.1,10312,191
2026-06-30,Кукла с аксессуарами,51,41,1299,17.76,72.7,0.89,0.94,5916,82
2026-06-30,Набор для творчества,43,40,899,13.69,67.3,0.89,0.82,5188,54
2026-06-30,Мяч футбольный,60,55,499,10.79,57.5,1.04,0.95,8028,94
2026-06-30,Книга детская,20,18,299,5.51,39.7,0.66,0.67,3442,46
2026-06-30,Набор кухонный,41,33,1599,21.66,83.9,0.88,0.64,3307,33
2026-06-30,Самокат складной,20,17,3999,28.11,86.8,0.61,0.62,2643,43
